chr,chromStart,chromEnd,name,period,copyNum,consensusSize,perMatch,perIndel,score,A,C,G,T,entropy,sequence,length,end
chr1,1,2705,ACCCTA,6,448.8,6,96,2,4385,30,51,1,16,1.52,ACCCTA,2704,left
chr2,0,3487,TAACCC,6,573.2,6,95,3,5118,31,52,1,14,1.52,TAACCC,3487,left
chr3,1,2641,CTAACC,6,437.3,6,97,1,4570,31,51,0,15,1.5,CTAACC,2640,left
chr4,1,3269,TAACCC,6,541.2,6,96,2,5326,31,51,0,15,1.49,TAACCC,3268,left
chr5,0,2297,CTAACC,6,383.8,6,96,2,3841,31,50,1,16,1.53,CTAACC,2297,left
chr6,7,2897,AACCCT,6,479.0,6,98,1,5370,32,50,0,16,1.52,AACCCT,2890,left
chr7,0,3417,CCTAAC,6,564.5,6,95,3,5794,32,51,0,15,1.47,CCTAAC,3417,left
chr8,0,2513,CTAACC,6,412.7,6,93,4,3760,32,50,2,15,1.56,CTAACC,2513,left
chr9,0,3652,CTAACC,6,596.2,6,94,4,5779,33,51,0,15,1.45,CTAACC,3652,left
chrX,1,1827,CCTAAC,6,304.5,6,98,0,3309,31,50,1,16,1.55,CCTAAC,1826,left
chrY,0,5659,TAACCC,6,942.2,6,99,0,10960,32,50,0,16,1.46,TAACCC,5659,left
chr10,0,2637,CTAACC,6,436.7,6,95,3,4484,32,51,0,15,1.48,CTAACC,2637,left
chr11,0,1988,TAACCC,6,328.2,6,96,2,3437,32,50,0,16,1.48,TAACCC,1988,left
chr12,0,3030,ACCCTA,6,497.7,6,94,3,4722,32,51,0,14,1.47,ACCCTA,3030,left
chr13,1,2543,CCCTAA,6,424.2,6,99,0,5015,33,50,0,16,1.46,CCCTAA,2542,left
chr14,0,2074,CTAACC,6,346.7,6,99,0,4090,33,50,0,16,1.46,CTAACC,2074,left
chr15,0,3264,CTAACC,6,540.3,6,95,1,4961,29,51,2,16,1.58,CTAACC,3264,left
chr16,0,2290,CTAACC,6,379.2,6,96,1,3905,32,51,0,15,1.47,CTAACC,2290,left
chr17,0,2210,CCTAAC,6,370.5,6,96,1,3628,33,51,2,13,1.53,CCTAAC,2210,left
chr18,0,2016,CCTAAC,6,333.5,6,98,1,3820,33,50,0,16,1.46,CCTAAC,2016,left
chr19,0,2284,TAACCC,6,374.8,6,92,5,3481,31,51,0,16,1.5,TAACCC,2284,left
chr20,0,2728,AACCCT,6,455.0,6,95,3,4688,33,51,0,15,1.45,AACCCT,2728,left
chr21,1,2713,AACCCT,6,449.0,6,95,1,4910,32,50,0,16,1.51,AACCCT,2712,left
chr22,1,4578,AACCCT,6,761.8,6,95,2,7985,31,50,1,16,1.52,AACCCT,4577,left
chr1,248384120,248387328,AGGGTT,6,532.0,6,96,1,5181,15,0,52,30,1.5,AGGGTT,3208,right
chr2,242694126,242696752,AGGGTT,6,435.3,6,96,3,4483,15,0,51,32,1.46,AGGGTT,2626,right
chr3,201101331,201105948,AGGGTT,6,763.7,6,96,2,7467,15,0,52,31,1.5,AGGGTT,4617,right
chr4,193572740,193574945,GGGTTA,6,366.8,6,98,1,4033,16,0,51,32,1.46,GGGTTA,2205,right
chr5,182043881,182045439,AGGGTT,6,259.3,6,97,1,2707,15,0,51,32,1.45,AGGGTT,1558,right
chr6,172123873,172126626,TTAGGG,6,455.8,6,97,1,4919,16,0,51,32,1.45,TTAGGG,2753,right
chr7,160565207,160567428,GTTAGG,6,368.7,6,94,4,3603,14,0,52,32,1.47,GTTAGG,2221,right
chr8,146256712,146259331,GGTTAG,6,435.2,6,96,1,3966,16,3,51,28,1.62,GGTTAG,2619,right
chr9,150614272,150617247,AGGGTT,6,491.5,6,94,2,4290,14,1,53,29,1.5,AGGGTT,2975,right
chrX,154256622,154259566,TTAGGG,6,484.2,6,95,3,4715,15,0,52,32,1.43,TTAGGG,2944,right
chrY,62453640,62460029,TTAGGG,6,1060.7,6,96,2,11048,16,0,50,32,1.47,TTAGGG,6389,right
chr10,134754933,134758134,AGGGTT,6,529.7,6,95,3,5195,14,0,51,32,1.48,AGGGTT,3201,right
chr11,135125178,135127769,GTTAGG,6,429.0,6,97,2,4687,16,0,51,32,1.45,GTTAGG,2591,right
chr12,133322262,133324548,GGGTTA,6,380.3,6,96,0,4083,16,0,51,31,1.47,GGGTTA,2286,right
chr13,113563182,113566686,AGGGTT,6,580.0,6,96,2,6189,16,0,50,33,1.49,AGGGTT,3504,right
chr14,101159839,101161492,TTAGGG,6,275.2,6,96,2,2896,15,0,51,32,1.47,TTAGGG,1653,right
chr15,99750263,99753195,GGTTAG,6,481.8,6,95,3,4951,16,0,50,33,1.48,GGTTAG,2932,right
chr16,96327691,96330374,AGGGTT,6,444.0,6,97,2,4770,16,0,50,32,1.5,AGGGTT,2683,right
chr17,84273984,84276897,AGGGTT,6,488.0,6,95,3,5115,16,0,50,33,1.47,AGGGTT,2913,right
chr18,80539048,80542538,TTAGGG,6,577.5,6,94,1,5448,15,0,53,30,1.48,TTAGGG,3490,right
chr19,61704425,61707364,AGGGTT,6,492.0,6,96,2,5077,15,0,51,32,1.48,AGGGTT,2939,right
chr20,66207187,66210255,GGGTTA,6,510.0,6,94,4,4601,14,1,52,31,1.49,GGGTTA,3068,right
chr21,45086111,45090682,AGGGTT,6,758.0,6,96,2,8050,16,0,50,33,1.47,AGGGTT,4571,right
chr22,51321954,51324926,AGGGTT,6,490.2,6,96,2,4860,15,0,51,32,1.46,AGGGTT,2972,right
